domain,cluster,strand,section_type,question,transversal_tags
Digital,Foundational Digital Skills,Using digital tools effectively,skills,How would you rate your competence in using digital tools and software to complete everyday tasks?,Continuous Learning
Digital,Foundational Digital Skills,Using digital tools effectively,skills,"How would you rate your competence in managing and organising information and files so they are easy to find, appropriately shared and kept secure?",Collaborative Working
Digital,Foundational Digital Skills,Choosing the right digital tools,skills,How would you rate your competence in deciding which tool or method best fits the task at hand?,
Digital,Foundational Digital Skills,Creating accessible digital content,knowledge,"How would you rate your understanding of accessibility standards and legal requirements for digital content, and what they mean in practice?",Ethical Practice
Digital,Foundational Digital Skills,Creating accessible digital content,skills,How would you rate your competence in creating and checking digital content so it meets accessibility standards and works for people with different needs?,Ethical Practice
Digital,Foundational Digital Skills,Creating accessible digital content,behaviours,"How would you rate your competence in supporting good accessibility practice beyond your own work - whether by modelling it, helping colleagues or flagging where standards aren't being met?",Ethical Practice; Collaborative Working
Digital,Responsible Information Practices,Handling information accurately and responsibly,skills,"How would you rate your competence in checking that the information you work with and share is accurate, current and from a reliable source?",
Digital,Responsible Information Practices,Handling information accurately and responsibly,skills,"How would you rate your competence in organising, classifying and managing information and files so they are easy to find, appropriately protected and correctly disposed of when no longer needed?",Collaborative Working
Digital,Digital Transformation,Focusing on users,knowledge,How would you rate your understanding of user-centred principles and why understanding user needs matters for the work you do?,
Digital,Digital Transformation,Focusing on users,skills,How would you rate your competence in finding out what users need - and using that insight to improve your work or processes?,Collaborative Working; Continuous Learning
Digital,Digital Transformation,Focusing on users,behaviours,How would you rate your ability to keep user needs in view when other priorities or pressures are pulling in a different direction?,Ethical Practice; Systems Thinking
Digital,Digital Transformation,Making digital services work for everyone,knowledge,"How would you rate your understanding of what inclusive design means for digital work and services, and what government guidance says about designing for everyone?",Ethical Practice
Digital,Digital Transformation,Making digital services work for everyone,skills,"How would you rate your competence in finding out about the different needs, backgrounds and circumstances of the people your work affects?",Ethical Practice; Systems Thinking
Digital,Digital Transformation,Making digital services work for everyone,skills,How would you rate your competence in using what you learn about users to shape or change your work?,Ethical Practice; Continuous Learning
Digital,Digital Transformation,Making digital services work for everyone,behaviours,How would you rate your ability to ensure the needs of people who are harder to reach or more likely to be excluded are considered in your work from the start?,Ethical Practice; Systems Thinking; Digital Wellbeing
Digital,Digital Leadership,Leading in a digital age,knowledge,"How would you rate your understanding of how digital, data and AI can transform the way teams work and deliver outcomes?",
Digital,Digital Leadership,Leading in a digital age,skills,"How would you rate your competence in encouraging and supporting colleagues to adopt digital, data and AI approaches in your work?",Collaborative Working; Continuous Learning
Digital,Digital Leadership,Leading in a digital age,behaviours,How would you rate your competence in helping colleagues feel confident about digital change - including when they are uncertain or sceptical?,Digital Wellbeing; Systems Thinking
Data,Foundational Data Skills,Data literacy,knowledge,How would you rate your understanding of data and its role in decision-making?,
Data,Foundational Data Skills,Data literacy,skills,How would you rate your competence in using data in your day-to-day work?,
Data,Foundational Data Skills,Data literacy,skills,How would you rate your competence in using the data tools and systems relevant to your role?,
Data,Foundational Data Skills,Data literacy,skills,How would you rate your competence in drawing on data rather than instinct or assumption when you need to make a decision?,Systems Thinking
Data,Foundational Data Skills,Data literacy,behaviours,How would you rate your competence in making sure the data you work with and share is handled safely and responsibly?,Ethical Practice
Data,Foundational Data Skills,Data literacy,behaviours,How would you rate your competence in evaluating and improving the data processes you work with?,Continuous Learning; Systems Thinking
Data,Foundational Data Skills,Data literacy,behaviours,"How would you rate your competence in questioning the data you use - for example, where it came from, how it was collected, or whether it tells the full story?",Systems Thinking
Data,Foundational Data Skills,Interpreting visual data,knowledge,"How would you rate your understanding of visual data - including how charts and tables work, and how visual formats can help or mislead?",
Data,Foundational Data Skills,Interpreting visual data,skills,How would you rate your competence in reading and extracting meaning from charts and tables?,
Data,Foundational Data Skills,Interpreting visual data,skills,How would you rate your competence in creating clear and effective visualisations?,Collaborative Working
Data,Foundational Data Skills,Interpreting visual data,behaviours,"How would you rate your competence in considering whether the visual data you create or share works for people with different needs, including those using assistive technologies?",Ethical Practice
Data,Foundational Data Skills,Managing data lifecycles,knowledge,How would you rate your understanding of how data moves through its lifecycle from collection to disposal - including what happens at each stage and why responsible handling throughout matters?,Systems Thinking
Data,Foundational Data Skills,Managing data lifecycles,skills,How would you rate your competence in collecting and recording data correctly?,
Data,Foundational Data Skills,Managing data lifecycles,skills,How would you rate your competence in storing and sharing data securely?,Ethical Practice
Data,Foundational Data Skills,Managing data lifecycles,skills,How would you rate your competence in disposing of data correctly?,Ethical Practice
Data,Foundational Data Skills,Managing data lifecycles,behaviours,How would you rate your competence in making sure data is handled consistently and responsibly when it crosses team or organisational boundaries?,Systems Thinking; Collaborative Working
Data,Data Quality and Integrity,Ensuring data quality,knowledge,How would you rate your understanding of data quality and why it matters for decisions and outcomes?,
Data,Data Quality and Integrity,Ensuring data quality,skills,"How would you rate your competence in identifying, correcting and cleaning data to ensure it is accurate and complete?",
Data,Data Quality and Integrity,Ensuring data quality,skills,How would you rate your competence in assessing whether data are representative and unbiased?,Ethical Practice
Data,Data Quality and Integrity,Handling data ethically and lawfully,knowledge,"How would you rate your understanding of the legal and ethical framework governing how data should be collected, used and shared?",Systems Thinking; Ethical Practice
Data,Data Quality and Integrity,Handling data ethically and lawfully,skills,"How would you rate your competence in checking that data you access, use or share is handled lawfully and ethically?",Ethical Practice
Data,Data Quality and Integrity,Handling data ethically and lawfully,skills,How would you rate your competence in identifying and responding to legal and ethical risks or violations in how data is used?,Ethical Practice
Data,Data Quality and Integrity,Applying data standards,knowledge,How would you rate your understanding of data standards and why consistency and interoperability matter across government?,Systems Thinking
Data,Data Quality and Integrity,Applying data standards,skills,How would you rate your competence in applying agreed data standards in your own work and flagging when data doesn't meet them?,Collaborative Working
Data,Data-Driven Decision Making,Analysing data,knowledge,How would you rate your understanding of data analysis and how it supports decision-making - including what kinds of questions it can answer and what its limitations are?,
Data,Data-Driven Decision Making,Analysing data,skills,How would you rate your competence in using analytical tools and software to work with data?,
Data,Data-Driven Decision Making,Analysing data,skills,How would you rate your competence in working out what question you need to answer and finding the right data to answer it?,Systems Thinking
Data,Data-Driven Decision Making,Analysing data,skills,"How would you rate your competence in communicating analytical findings, including uncertainty and limitations?",Collaborative Working
Data,Responsible Data Sharing,Collaborating with data,knowledge,"How would you rate your understanding of data sharing across teams and organisations, including what enables it and what governs it?",Systems Thinking; Ethical Practice
Data,Responsible Data Sharing,Collaborating with data,skills,"How would you rate your competence in sharing data with other teams and organisations safely, lawfully and effectively?",Ethical Practice; Collaborative Working
Data,Responsible Data Sharing,Collaborating with data,skills,"How would you rate your competence in finding, accessing and reusing data that others have shared?",Collaborative Working
Data,Responsible Data Sharing,Collaborating with data,behaviours,How would you rate your competence in working with others to make data sharing across your organisation easier and more consistent?,Systems Thinking; Collaborative Working
Innovation,Conditions for Innovation,Psychological safety and adaptability,knowledge,"How would you rate your understanding of how people respond to uncertainty and change at work, and why that affects whether innovation happens?",
Innovation,Conditions for Innovation,Psychological safety and adaptability,skills,"How would you rate your competence in identifying what it takes to get a new idea off the ground - who needs convincing, what concerns to address, and how to frame the proposal?",Systems Thinking
Innovation,Conditions for Innovation,Psychological safety and adaptability,behaviours,"How would you rate your effectiveness in making it feel safe for colleagues to share ideas, try new things and admit when things go wrong?",Digital Wellbeing
Innovation,Conditions for Innovation,Psychological safety and adaptability,behaviours,How would you rate your effectiveness in responding when an experiment or new idea doesn't work out - in your own work and when it happens to colleagues?,Continuous Learning
Innovation,Conditions for Innovation,Psychological safety and adaptability,behaviours,How would you rate your competence in coping with change at work and supporting colleagues who are finding it hard?,Digital Wellbeing
Innovation,Understanding the Problem,Identifying innovation opportunities,knowledge,How would you rate your understanding of where innovation is most likely to make a real difference - and what makes something a genuine opportunity rather than change for its own sake?,
Innovation,Understanding the Problem,Identifying innovation opportunities,skills,How would you rate your competence in using evidence to identify where innovation or improvement is most needed - and assess whether an opportunity is realistic and worth pursuing?,Systems Thinking
Innovation,Understanding the Problem,Identifying innovation opportunities,behaviours,How would you rate how consistently you think about what users actually experience when deciding where innovation or improvement is most needed?,Systems Thinking
Innovation,Understanding the Problem,Identifying innovation opportunities,behaviours,How would you rate your competence in constructively challenging established ways of working when you think something could be done better?,Continuous Learning
Innovation,Understanding the Problem,Identifying innovation opportunities,behaviours,"How would you rate your competence in seeking out connections between your work and what's happening elsewhere - in other teams, disciplines or sectors - to inform where and how you innovate?",Systems Thinking
Innovation,Doing the Work,Using the innovation lifecycle,knowledge,"How would you rate your understanding of the stages of the innovation lifecycle, from identifying a problem through to testing, refining and deciding whether to stop or scale a solution?",
Innovation,Doing the Work,Testing and prototyping,knowledge,"How would you rate your understanding of what makes a test or prototype genuinely useful, such as a minimum viable product designed to test critical assumptions, before committing to a solution fully?",
Innovation,Doing the Work,Testing and prototyping,skills,How would you rate your competence in trying out new ideas on a small scale first - learning from what happens before committing to them fully?,Continuous Learning
Innovation,Doing the Work,Testing and prototyping,behaviours,How would you rate how consistently you reflect on what worked and what didn't when you try something new or test an idea - and share what you found with others who might benefit?,Collaborative Working; Continuous Learning
Innovation,Doing the Work,Storytelling and advocacy,knowledge,How would you rate your understanding of how to communicate an idea for change in a way that genuinely persuades different audiences?,
Innovation,Doing the Work,Storytelling and advocacy,skills,"How would you rate your competence in tailoring your communication of ideas for change to different audiences, framing them in ways that connect to outcomes people genuinely care about?",Collaborative Working
Innovation,Making Change Stick,Continuous improvement,knowledge,"How would you rate your understanding of structured approaches to continuous improvement - the principles, methods and tools that help teams regularly review and improve how they work?",
Innovation,Making Change Stick,Continuous improvement,skills,How would you rate your competence in implementing improvements deliberately and measuring whether they have had the effect you intended - rather than making changes and hoping for the best?,Systems Thinking; Continuous Learning
Innovation,Making Change Stick,Continuous improvement,behaviours,How would you rate how consistently you treat improvement as an ongoing habit - regularly reviewing how work is going and keeping that focus alive in your team even when other pressures mount?,Continuous Learning
Innovation,Making Change Stick,Embedding innovation at scale,knowledge,How would you rate your understanding of what makes it hard to spread a successful idea or new way of working more widely - and what helps overcome those challenges?,
Innovation,Making Change Stick,Embedding innovation at scale,behaviours,"How would you rate your competence in actively supporting the adoption of new approaches - at whatever level your role allows, from helping a colleague understand a change to planning how it reaches different teams?",Collaborative Working
Innovation,Making Change Stick,Embedding innovation at scale,behaviours,How would you rate your competence in supporting and championing change to help maintain momentum - even when the initial excitement fades?,Continuous Learning
Innovation,Making Change Stick,Embedding innovation at scale,behaviours,"How would you rate your competence in actively connecting with colleagues in other teams, departments or organisations - sharing what has worked and helping proven approaches reach people who could benefit from them?",Collaborative Working
AI,Foundational AI Skills,AI literacy,knowledge,"How would you rate your understanding of what AI is, how it works and what it can and cannot do?",
AI,Foundational AI Skills,AI literacy,skills,How would you rate your competence in using AI tools in your everyday work?,
AI,Foundational AI Skills,AI literacy,skills,"How would you rate your competence in specifying and preparing inputs so AI systems produce reliable, useful outputs?",Continuous Learning
AI,Foundational AI Skills,AI literacy,behaviours,How would you rate your competence in checking whether an AI output is reliable before acting on it or sharing it with others?,Ethical Practice
AI,Foundational AI Skills,Assessing AI opportunities,knowledge,How would you rate your understanding of where AI and automation can and cannot add value - including what kinds of tasks AI tends to help with and what makes some tasks unsuitable?,
AI,Foundational AI Skills,Assessing AI opportunities,skills,"How would you rate your competence in identifying tasks, inefficiencies or pain points that AI could help address?",Continuous Learning; Systems Thinking
AI,Foundational AI Skills,Assessing AI opportunities,skills,"How would you rate your competence in weighing up whether AI is the right solution for a problem, taking into account its limitations and risks alongside its potential benefits?",Systems Thinking; Ethical Practice
AI,Foundational AI Skills,Using AI safely,knowledge,How would you rate your understanding of your organisation's rules on which AI tools are approved for use and what data can safely be shared with them?,
AI,Foundational AI Skills,Using AI safely,skills,How would you rate your competence in spotting when a specific AI prompt or task carries a safety risk - whether from the data it contains or from the nature of the task itself - and adjusting or stopping before proceeding?,Ethical Practice; Systems Thinking
AI,Foundational AI Skills,Using AI safely,behaviours,How would you rate your ability to escalate concerns about AI use to the right person when something feels wrong?,Ethical Practice; Collaborative Working
AI,AI Governance and Ethics,Interpreting AI outputs,knowledge,How would you rate your understanding of how AI generates outputs and why they may be unreliable or biased?,
AI,AI Governance and Ethics,Interpreting AI outputs,skills,How would you rate your competence in checking and interpreting AI outputs before acting on them?,Systems Thinking
AI,AI Governance and Ethics,Interpreting AI outputs,behaviours,How would you rate your competence in making clear to others when a decision or recommendation has been informed by AI - including what that means for how certain you are?,Ethical Practice; Collaborative Working
AI,AI Governance and Ethics,Interpreting AI outputs,behaviours,How would you rate your competence in deciding when to trust an AI output and when to question or override it?,Ethical Practice
AI,AI Governance and Ethics,Applying AI governance,knowledge,How would you rate your understanding of the legal and regulatory frameworks that govern AI use?,Ethical Practice
AI,AI Governance and Ethics,Applying AI governance,skills,How would you rate your competence in applying governance and compliance requirements when using or commissioning AI?,Ethical Practice
AI,AI Governance and Ethics,Applying AI governance,skills,How would you rate your competence in identifying and responding to governance and compliance risks in AI use?,Ethical Practice; Systems Thinking
AI,AI Governance and Ethics,Using AI responsibly and ethically,knowledge,How would you rate your understanding of the ethical principles that should guide responsible AI use in public services?,Ethical Practice
AI,AI Governance and Ethics,Using AI responsibly and ethically,skills,How would you rate your competence in applying fairness and public benefit considerations when using or recommending AI?,Ethical Practice; Systems Thinking
AI,AI Governance and Ethics,Using AI responsibly and ethically,skills,How would you rate your competence in making AI use transparent and explainable to those affected by it?,Ethical Practice; Collaborative Working
AI,AI Governance and Ethics,Using AI responsibly and ethically,behaviours,How would you rate your ability to consider the wider and longer-term effects of using AI - including on people who won't be in the room when decisions are made?,Ethical Practice; Systems Thinking
AI,AI Governance and Ethics,Using AI responsibly and ethically,behaviours,How would you rate your ability to factor in the environmental cost of AI when deciding whether and how to use it?,Systems Thinking; Ethical Practice; Continuous Learning
